-- category
INSERT INTO public.core_category
(id, cid, title, image)
VALUES(1, 'cath2h5ggg323', 'Seasoning', 'category/cat-3.png');
INSERT INTO public.core_category
(id, cid, title, image)
VALUES(4, 'catc2ffh2dg12', 'Vegetable and Herb', 'category/cat-1.png');
INSERT INTO public.core_category
(id, cid, title, image)
VALUES(5, 'catah3b12bgfe', 'Egg', 'category/egg.png');
INSERT INTO public.core_category
(id, cid, title, image)
VALUES(6, 'catehe3cdcb1d', 'Oil', 'category/oil.png');
INSERT INTO public.core_category
(id, cid, title, image)
VALUES(2, 'cat4hfaafcd34', 'Meats & Seafood', 'category/meat.png');
INSERT INTO public.core_category
(id, cid, title, image)
VALUES(3, 'cath1gd1h4h5c', 'Grains & Legumes', 'category/starch.png');
INSERT INTO public.core_category
(id, cid, title, image)
VALUES(7, 'catef2faaa1dd', 'Starch', 'category/starch_K7lxtqI.png');
INSERT INTO public.core_category
(id, cid, title, image)
VALUES(8, 'cat3c2ea44aed', 'Sauces', 'category/Mayonnaise.png');





-- vendor
INSERT INTO public.core_vendor
(id, vid, title, image, cover_image, description, address, contact, chat_resp_time, shipping_on_time, authentic_rating, days_return, warranty_period, "date", user_id)
VALUES(1, 'ven5fa5agbgb3', 'Japfa Best', 'user_1/japfabest.png', 'user_1/vendor-header-bg_ruwdroa.png', '<p>Choose Japfa Best\, choose peace of mind.</p>', 'KTX Khu A ĐHQGTPHCM', '0351234567', '1 Hour', '100', '100', '30', '100', '2025-04-01 10:50:24.169', 1);
INSERT INTO public.core_vendor
(id, vid, title, image, cover_image, description, address, contact, chat_resp_time, shipping_on_time, authentic_rating, days_return, warranty_period, "date", user_id)
VALUES(6, 'vene1g41dhd5a', 'Dabaco', 'user_1/dabaco.png', 'user_1/vendor-header-bg_nzbUfru.png', '<p>Firefly Group.</p>', '123 Main Street, Ben Tre.', '+69696969636', '36 minutes', '100', '100', '100', '100', '2025-04-01 23:10:46.338', 1);
INSERT INTO public.core_vendor
(id, vid, title, image, cover_image, description, address, contact, chat_resp_time, shipping_on_time, authentic_rating, days_return, warranty_period, "date", user_id)
VALUES(5, 'venag2143eg24', 'Sachstore', 'user_1/sachstore_N9vJ5xn.png', 'user_1/vendor-header-bg_HcXi0GI.png', '<p>Super clean.</p>', '123 Main Street, Ha Noi.', '+0219312', '100', '100', '100', '100', '100', '2025-04-01 23:09:35.860', 1);
INSERT INTO public.core_vendor
(id, vid, title, image, cover_image, description, address, contact, chat_resp_time, shipping_on_time, authentic_rating, days_return, warranty_period, "date", user_id)
VALUES(4, 'venh1ad5bcb2d', 'DH Foods', 'user_1/dhfoods_RYIqBUh.png', 'user_1/vendor-header-bg_nT9rfIc.png', '<p>Number 1.</p>', '123 Main Street, Cali.', '+12345678910', '100', '100', '100', '100', '100', '2025-04-01 23:08:15.964', 1);
INSERT INTO public.core_vendor
(id, vid, title, image, cover_image, description, address, contact, chat_resp_time, shipping_on_time, authentic_rating, days_return, warranty_period, "date", user_id)
VALUES(3, 'venfhf3g312h5', 'Rau Cuoi', 'user_1/raucuoi_FnHGvLX.png', 'user_1/vendor-header-bg_KyWWVX1.png', '<p>No viruss</p>', '123 Main Street, District 9', '+12233123456789', '1 min', '100', '100', '100', '100', '2025-04-01 23:07:23.160', 1);
INSERT INTO public.core_vendor
(id, vid, title, image, cover_image, description, address, contact, chat_resp_time, shipping_on_time, authentic_rating, days_return, warranty_period, "date", user_id)
VALUES(2, 'ven1dchghe22e', 'Starch In Food', 'user_1/starch_AUeI0WY.png', 'user_1/vendor-header-bg_qr22p45.png', '<p>fking vendor.</p>', '123 Main Street, Lang Dai Hoc.', '+123456789', '1 min', '100', '100', '100', '100', '2025-04-01 23:05:50.165', 1);






------------------------------ products
INSERT INTO public.core_product
(id, pid, title, image, description, price, old_price, specifications, "type", stock_count, life, mfd, product_status, status, in_stock, featured, digital, sku, "date", updated, category_id, user_id, vendor_id)
VALUES(8, '1bbah3cc41', 'Ginger', 'user_1/ginger.png', '<ul><li>Ginger is a flowering plant whose rhizome (underground stem) is widely used as a spice and a folk medicine.</li><li>It has a pungent, spicy, and slightly sweet flavor.</li><li>It''s used in both sweet and savory dishes, as well as beverages.</li></ul>', 1.00, 1.24, '<ul><li><strong>Form:</strong> Rhizome (root), available fresh, dried, powdered, pickled, or preserved.</li><li><strong>Flavor:</strong> Pungent, spicy, warm, slightly sweet.</li><li><strong>Aroma:</strong> Sharp, spicy, citrusy.</li><li><strong>Color:</strong> Light yellow to tan (fresh), yellowish-brown (powdered).</li><li><strong>Texture:</strong> Firm, fibrous (fresh).</li><li><strong>Storage:</strong> Fresh ginger should be refrigerated; dried ginger should be stored in a cool, dry place.</li></ul>', 'Organic', '5000', '100 Days', '2025-04-02 09:35:58.000', 'published', true, true, true, false, 'sku1668', '2025-04-02 09:36:15.694', '2025-04-02 09:36:10.000', 4, 1, 1);
INSERT INTO public.core_product
(id, pid, title, image, description, price, old_price, specifications, "type", stock_count, life, mfd, product_status, status, in_stock, featured, digital, sku, "date", updated, category_id, user_id, vendor_id)
VALUES(3, 'f4becg4gbd', 'Vegetable Oil', 'user_1/Vegetable-Oil.png', '<ul><li>Plant-derived cooking oil, common types include soybean, canola, and corn.</li><li>Used for frying, baking, and dressings.</li></ul>', 2.00, 2.50, '<ul><li>Liquid at room temperature.</li><li>Primarily triglycerides.</li><li>Varies in smoke point and fat composition depending on the source.</li><li>Cholesterol free.</li></ul>', 'Organic', '70', '100 Days', '2025-04-01 23:53:14.000', 'published', true, true, true, false, 'sku1628', '2025-04-01 23:53:25.387', '2025-04-01 23:53:22.000', 6, 1, 4);
INSERT INTO public.core_product
(id, pid, title, image, description, price, old_price, specifications, "type", stock_count, life, mfd, product_status, status, in_stock, featured, digital, sku, "date", updated, category_id, user_id, vendor_id)
VALUES(2, '5ad1dcadch', 'Fresno Chile', 'user_1/Fresno_Chile.png', '<p>The Fresno chile is a vibrant pepper known for its bright red color when mature. It has a conical shape, typically growing to a few inches in length.</p>', 1.50, 2.00, '<ul><li><strong>Color:</strong> Typically ripens to a bright, vibrant red.</li><li><strong>Heat Level:</strong> 2,500 to 10,000 Scoville Heat Units (SHU).</li><li><strong>Shape:</strong> Conical, tapering to a point.</li><li><strong>Size:</strong> Approximately 2-3 inches in length.</li><li><strong>Flavor:</strong> Fruity, smoky, with a moderate heat.</li><li><strong>Species:</strong> Capsicum annuum.</li></ul>', 'Organic', '10000', '100 Days', '2025-04-01 23:47:13.000', 'published', true, true, true, false, 'sku1346', '2025-04-01 23:47:35.788', '2025-04-01 23:47:32.000', 1, 1, 2);
INSERT INTO public.core_product
(id, pid, title, image, description, price, old_price, specifications, "type", stock_count, life, mfd, product_status, status, in_stock, featured, digital, sku, "date", updated, category_id, user_id, vendor_id)
VALUES(1, '35bgbg1e5f', 'Red Jalapeño', 'user_1/Red_Jalapeño.png', '<p>"A ripe jalapeño, boasting a sweet, fruity heat and vibrant red color. Perfect for adding a nuanced spice to any dish."</p>', 7.99, 9.95, '<ul><li><strong>Color:</strong> Deep, vibrant red.</li><li><strong>Flavor:</strong> Sweet, fruity with a moderate to hot spiciness.</li><li><strong>Heat Level:</strong> 2,500 - 8,000 Scoville Heat Units (SHU).<sup> 1</sup></li></ul>', 'Organic', '1000', '30 Days', '2025-04-01 23:32:27.000', 'published', true, true, true, false, 'sku7246', '2025-04-01 23:33:42.911', '2025-04-01 23:32:52.000', 1, 1, 6);
INSERT INTO public.core_product
(id, pid, title, image, description, price, old_price, specifications, "type", stock_count, life, mfd, product_status, status, in_stock, featured, digital, sku, "date", updated, category_id, user_id, vendor_id)
VALUES(4, '5cfd5b2hdc', 'Lime Juice', 'user_1/lime_juice.png', '<ul><li>Liquid extracted from fresh limes.</li><li>Known for its tart, acidic flavor and vibrant citrus aroma.</li><li>Used in cooking, beverages, and cocktails.</li></ul>', 0.50, 1.00, '<ul><li><strong>Appearance:</strong> Pale green to yellowish liquid.</li><li><strong>Flavor:</strong> Tart, acidic, citrusy.</li><li><strong>pH:</strong> Approximately 2-3 (highly acidic).</li><li><strong>Composition:</strong> Primarily water, citric acid, sugars, and vitamin C.</li><li><strong>Storage:</strong> Refrigerate to maintain freshness.</li></ul>', 'Organic', '1000', '365 Days', '2025-04-02 00:03:09.000', 'published', true, true, true, false, 'sku9619', '2025-04-02 00:03:36.423', '2025-04-02 00:03:30.000', 1, 1, 3);
INSERT INTO public.core_product
(id, pid, title, image, description, price, old_price, specifications, "type", stock_count, life, mfd, product_status, status, in_stock, featured, digital, sku, "date", updated, category_id, user_id, vendor_id)
VALUES(5, '4433f3a4ea', 'Soy Sauce', 'user_1/soy_sauce.png', '<ul><li>A liquid condiment made from fermented soybeans, wheat, salt, and water. &nbsp;&nbsp;</li><li>Known for its savory "umami" flavor, dark color, and salty taste. &nbsp;&nbsp;</li><li>A staple in East Asian cuisine, used for seasoning, dipping, and cooking.</li></ul>', 3.00, 4.00, '<ul><li><strong>Color:</strong> Dark brown to black.</li><li><strong>Flavor:</strong> Salty, savory (umami), slightly sweet.</li><li><strong>Ingredients:</strong> Soybeans, wheat, salt, water (variations exist). &nbsp;&nbsp;</li><li><strong>Types:</strong><ul><li>Light (usukuchi): Lighter color, saltier. &nbsp;&nbsp;</li><li>Dark (koikuchi): Darker color, richer flavor.</li><li>Tamari: Wheat-free.</li><li>Reduced-sodium.</li></ul></li><li><strong>Storage:</strong> Stable at room temperature, but refrigeration can extend shelf life.</li></ul>', 'Organic', '9999', '100 Days', '2025-04-02 09:23:59.000', 'published', true, true, true, false, 'sku1439', '2025-04-02 09:24:23.204', '2025-04-02 09:24:19.000', 1, 1, 1);
INSERT INTO public.core_product
(id, pid, title, image, description, price, old_price, specifications, "type", stock_count, life, mfd, product_status, status, in_stock, featured, digital, sku, "date", updated, category_id, user_id, vendor_id)
VALUES(6, 'ad35ad3143', 'Light Brown Sugar', 'user_1/light_brown_sugar.png', '<ul><li>Light brown sugar is granulated sugar with molasses added, giving it a light brown color and a moist, slightly sticky texture.</li><li>It imparts a subtle caramel or toffee flavor to baked goods and other recipes.</li><li>It''s commonly used in cookies, cakes, sauces, and marinades.</li></ul>', 2.00, 5.00, '<ul><li><strong>Color:</strong> Light brown.</li><li><strong>Texture:</strong> Moist, soft, slightly clumpy.</li><li><strong>Flavor:</strong> Sweet with a mild caramel or molasses undertone.</li><li><strong>Composition:</strong> Granulated sugar with a smaller percentage of molasses than dark brown sugar.</li><li><strong>Storage:</strong> Should be stored in an airtight container to prevent hardening.</li></ul>', 'Organic', '99999', '100 Days', '2025-04-02 09:29:20.000', 'published', true, true, true, false, 'sku9611', '2025-04-02 09:29:34.169', '2025-04-02 09:29:31.000', 1, 1, 3);
INSERT INTO public.core_product
(id, pid, title, image, description, price, old_price, specifications, "type", stock_count, life, mfd, product_status, status, in_stock, featured, digital, sku, "date", updated, category_id, user_id, vendor_id)
VALUES(9, '4ggf2g44eg', 'Red Cabbage', 'user_1/red_cabbage.png', '<ul><li>A variety of cabbage with deep reddish-purple leaves.</li><li>It has a slightly peppery flavor, often stronger than green cabbage.</li><li>Used in salads, slaws, pickled dishes, and cooked preparations.</li><li>Its vibrant color adds visual appeal to many dishes</li></ul>', 2.50, 2.80, '<ul><li><strong>Color:</strong> Deep reddish-purple.</li><li><strong>Shape:</strong> Round or slightly oval head.</li><li><strong>Texture:</strong> Firm, crisp leaves.</li><li><strong>Flavor:</strong> Slightly peppery, earthy.</li><li><strong>Nutritional Value:</strong> Rich in vitamins C and K, and antioxidants.</li><li><strong>Storage:</strong> Keeps well in the refrigerator.</li></ul>', 'Organic', '8888', '50 Days', '2025-04-02 09:38:53.000', 'published', true, true, true, false, 'sku5364', '2025-04-02 09:39:13.312', '2025-04-02 09:39:11.000', 4, 1, 3);
INSERT INTO public.core_product
(id, pid, title, image, description, price, old_price, specifications, "type", stock_count, life, mfd, product_status, status, in_stock, featured, digital, sku, "date", updated, category_id, user_id, vendor_id)
VALUES(36, 'e14eb2hg2g', 'Clove', 'user_1/clove.png', '<ul><li>Dried flower buds of the clove tree.</li><li>Strong, warm, aromatic spice.</li></ul>', 3.30, 3.60, '<ul><li><strong>Flavor:</strong> Pungent, sweet, warm.</li><li><strong>Aroma:</strong> Intense, spicy.</li><li><strong>Form:</strong> Whole, ground.</li><li><strong>Use:</strong> Culinary, medicinal.</li></ul>', 'Organic', '5966', '100 Days', '2025-04-03 13:56:52.000', 'published', true, true, true, false, 'sku7035', '2025-04-03 13:57:00.495', '2025-04-03 13:56:58.000', 4, 1, 5);
INSERT INTO public.core_product
(id, pid, title, image, description, price, old_price, specifications, "type", stock_count, life, mfd, product_status, status, in_stock, featured, digital, sku, "date", updated, category_id, user_id, vendor_id)
VALUES(38, '4fh3h2h1hb', 'Chicken Breast', 'user_1/chicken_breasts.png', '<ul><li>Lean, boneless cut of chicken.</li><li>Versatile, widely used protein.</li></ul>', 6.00, 7.00, '<ul><li><strong>Cut:</strong> Boneless, skinless (common).</li><li><strong>Texture:</strong> Tender, lean.</li><li><strong>Flavor:</strong> Mild, adaptable.</li><li><strong>Color:</strong> Pink (raw), white (cooked).</li></ul>', 'Organic', '3436', '1 Days', '2025-04-03 14:09:23.000', 'published', true, true, true, false, 'sku8885', '2025-04-03 14:09:37.004', '2025-04-03 14:09:34.000', 2, 1, 5);
INSERT INTO public.core_product
(id, pid, title, image, description, price, old_price, specifications, "type", stock_count, life, mfd, product_status, status, in_stock, featured, digital, sku, "date", updated, category_id, user_id, vendor_id)
VALUES(39, 'd1c5ee13a5', 'Red Bell Pepper', 'user_1/red-bell-peppers.png', '<ul><li>Sweet, crisp pepper, ripened to a red color.</li><li>Used in various culinary applications.</li></ul>', 2.00, 2.30, '<ul><li><strong>Flavor:</strong> Sweet, slightly fruity.</li><li><strong>Texture:</strong> Crisp, firm.</li><li><strong>Color:</strong> Bright red.</li><li><strong>Shape:</strong> Blocky, lobed.</li></ul>', 'Organic', '1229', '20 Days', '2025-04-03 14:15:09.000', 'published', true, true, true, false, 'sku6896', '2025-04-03 14:15:25.401', '2025-04-03 14:15:20.000', 4, 1, 3);
INSERT INTO public.core_product
(id, pid, title, image, description, price, old_price, specifications, "type", stock_count, life, mfd, product_status, status, in_stock, featured, digital, sku, "date", updated, category_id, user_id, vendor_id)
VALUES(10, 'f454b54e43', 'Carrot', 'user_1/carrots.png', '<ul><li>A root vegetable, typically orange, though they can also be purple, yellow, red, or white.</li><li>Known for their sweet, slightly earthy flavor and crisp texture.</li><li>Eaten raw, cooked, or juiced.</li><li>A good source of beta-carotene, fiber, and vitamins.</li></ul>', 2.40, 3.00, '<ul><li><strong>Color:</strong> Most commonly orange, but also various other colors.</li><li><strong>Shape:</strong> Typically conical, though variations exist (round, cylindrical).</li><li><strong>Texture:</strong> Crisp and firm when fresh.</li><li><strong>Flavor:</strong> Sweet, slightly earthy.</li><li><strong>Nutritional content:</strong> High in beta-carotene, vitamin K1, potassium, and fiber.</li><li><strong>Varieties:</strong> Nantes, Imperator, Chantenay, and Danvers are common types</li></ul>', 'Organic', '8192', '100 Days', '2025-04-02 09:42:16.000', 'published', true, true, true, false, 'sku5242', '2025-04-02 09:42:35.955', '2025-04-02 09:42:29.000', 4, 1, 5);
INSERT INTO public.core_product
(id, pid, title, image, description, price, old_price, specifications, "type", stock_count, life, mfd, product_status, status, in_stock, featured, digital, sku, "date", updated, category_id, user_id, vendor_id)
VALUES(11, 'ggf15fe12a', 'Scallion', 'user_1/scallions.png', '<ul><li>Immature onions with a mild, onion-like flavor.</li><li>They have long, green leaves and a small, white bulb.</li><li>Used raw or cooked as a garnish or ingredient in various dishes.</li></ul>', 0.50, 1.10, '<ul><li><strong>Appearance:</strong> Long, green leaves with a white bulb.</li><li><strong>Flavor:</strong> Mild, onion-like, slightly pungent.</li><li><strong>Texture:</strong> Crisp leaves, slightly firm bulb.</li><li><strong>Color:</strong> Green leaves, white bulb.</li><li><strong>Storage:</strong> Refrigerate to maintain freshness.</li></ul>', 'Organic', '11209', '100 Days', '2025-04-02 09:47:15.000', 'published', true, true, true, false, 'sku9153', '2025-04-02 09:47:32.630', '2025-04-02 09:47:29.000', 4, 1, 2);
INSERT INTO public.core_product
(id, pid, title, image, description, price, old_price, specifications, "type", stock_count, life, mfd, product_status, status, in_stock, featured, digital, sku, "date", updated, category_id, user_id, vendor_id)
VALUES(12, 'gd35cfgeh1', 'Chicken', 'user_1/chicken.png', '<ul><li>Poultry meat from the domestic fowl, Gallus gallus domesticus.</li><li>Available in various forms: whole, bone-in pieces (breasts, thighs, legs, wings), boneless skinless, ground.</li><li>Cooked using numerous methods: grilling, baking, frying, roasting, stewing.</li><li>A good source of protein.</li></ul>', 6.00, 6.90, '<ul><li><strong>Color:</strong> Raw: pinkish-white; Cooked: white to light brown.</li><li><strong>Texture:</strong> Varies depending on cut and cooking method; generally tender and juicy.</li><li><strong>Flavor:</strong> Mild, adaptable to various seasonings and sauces.</li><li><strong>Types:</strong><ul><li>Broiler/Fryer: Young chicken, tender meat.</li><li>Roaster: Older, larger chicken.</li><li>Cornish Game Hen: Small, young chicken.</li><li>Organic/Free-range: Raised with specific standards.</li></ul></li><li><strong>Storage:</strong> Raw chicken must be refrigerated or frozen; cooked chicken should be refrigerated.</li></ul>', 'Organic', '1123', '100 Days', '2025-04-02 09:50:48.000', 'published', true, true, true, false, 'sku3550', '2025-04-02 09:51:13.966', '2025-04-02 09:51:11.000', 2, 1, 4);
INSERT INTO public.core_product
(id, pid, title, image, description, price, old_price, specifications, "type", stock_count, life, mfd, product_status, status, in_stock, featured, digital, sku, "date", updated, category_id, user_id, vendor_id)
VALUES(13, 'dc1f5aeche', 'Baby Spinach', 'user_1/baby_spinach.png', '<ul><li>Young spinach leaves, harvested before reaching full maturity.</li><li>Characterized by small, tender leaves with a mild, slightly sweet flavor.</li><li>Versatile, used in salads, smoothies, cooked dishes, and as a garnish.</li><li>A good source of vitamins, minerals, and antioxidants.</li></ul>', 3.00, 4.60, '<ul><li><strong>Appearance:</strong> Small, oval-shaped leaves, smooth texture.</li><li><strong>Color:</strong> Deep green.</li><li><strong>Flavor:</strong> Mild, slightly sweet, less bitter than mature spinach.</li><li><strong>Texture:</strong> Tender, delicate.</li><li><strong>Nutritional Value:</strong> Rich in vitamins A, C, and K, folate, iron, and antioxidants.</li><li><strong>Storage:</strong> Refrigerate, and consume relatively quickly due to its delicate nature.</li></ul>', 'Organic', '1128', '100 Days', '2025-04-02 09:55:46.000', 'published', true, true, true, false, 'sku6229', '2025-04-02 09:56:03.849', '2025-04-02 09:56:01.000', 4, 1, 6);
INSERT INTO public.core_product
(id, pid, title, image, description, price, old_price, specifications, "type", stock_count, life, mfd, product_status, status, in_stock, featured, digital, sku, "date", updated, category_id, user_id, vendor_id)
VALUES(14, 'cg312g3bgh', 'Cilantro', 'user_1/cilantro.png', '<ul><li>The leafy part of the coriander plant (Coriandrum sativum).</li><li>Known for its bright, herbaceous, and slightly citrusy flavor.</li><li>Used as a garnish and ingredient in cuisines worldwide, particularly in Mexican, Asian, and Middle Eastern dishes.</li></ul>', 0.80, 2.00, '<ul><li><strong>Appearance:</strong> Delicate, flat leaves with a feathery or lobed shape.</li><li><strong>Color:</strong> Bright green.</li><li><strong>Flavor:</strong> Herbaceous, citrusy, slightly peppery (some people perceive a soapy taste).</li><li><strong>Aroma:</strong> Fresh, pungent.</li><li><strong>Storage:</strong> Refrigerate, wrapped in a damp paper towel or in a plastic bag.</li></ul>', 'Organic', '7865', '60 Days', '2025-04-02 09:58:04.000', 'published', true, true, true, false, 'sku4858', '2025-04-02 09:58:18.784', '2025-04-02 09:58:15.000', 4, 1, 5);
INSERT INTO public.core_product
(id, pid, title, image, description, price, old_price, specifications, "type", stock_count, life, mfd, product_status, status, in_stock, featured, digital, sku, "date", updated, category_id, user_id, vendor_id)
VALUES(15, '53gf4ch213', 'Peanut', 'user_1/peanut.png', '<ul><li>Edible seeds of the peanut plant (Arachis hypogaea).</li><li>Grown underground in pods.</li><li>Consumed raw, roasted, boiled, or processed into peanut butter, oil, and flour.</li><li>A good source of protein, healthy fats, and various nutrients.</li></ul>', 0.75, 1.25, '<ul><li><strong>Form:</strong> Raw, roasted, shelled, unshelled, peanut butter, peanut oil, peanut flour.</li><li><strong>Flavor:</strong> Nutty, slightly sweet, earthy.</li><li><strong>Texture:</strong> Crunchy (roasted), creamy (peanut butter).</li><li><strong>Color:</strong> Tan to reddish-brown (shell), beige (kernel).</li><li><strong>Varieties:</strong> Virginia, Spanish, Runner, Valencia.</li><li><strong>Storage:</strong> Raw peanuts should be stored in a cool, dry place; roasted peanuts and peanut butter should be stored in airtight containers.</li></ul>', 'Organic', '12939', '120 Days', '2025-04-02 10:03:07.000', 'published', true, true, true, false, 'sku3351', '2025-04-02 10:03:39.189', '2025-04-02 10:03:36.000', 3, 1, 1);
INSERT INTO public.core_product
(id, pid, title, image, description, price, old_price, specifications, "type", stock_count, life, mfd, product_status, status, in_stock, featured, digital, sku, "date", updated, category_id, user_id, vendor_id)
VALUES(16, 'd4f5g45ee5', 'Sesame Seeds', 'user_1/sesame_seeds.png', '<ul><li>Small, flat, oval seeds.</li><li>Come in various colors, including white, black, and brown.</li><li>Have a nutty flavor that intensifies when toasted.</li><li>Used in baking, cooking, and as a garnish.</li></ul>', 2.35, 2.79, '<ul><li><strong>Color:</strong> White, black, or brown.</li><li><strong>Flavor:</strong> Nutty, slightly sweet.</li><li><strong>Texture:</strong> Small, slightly crunchy.</li><li><strong>Forms:</strong> Whole, hulled, unhulled, ground into tahini, sesame oil.</li><li><strong>Storage:</strong> Store in a cool, dry place.</li></ul>', 'Organic', '87678', '100 Days', '2025-04-02 10:20:29.000', 'published', true, true, true, false, 'sku9953', '2025-04-02 10:20:45.891', '2025-04-02 10:20:40.000', 3, 1, 5);
INSERT INTO public.core_product
(id, pid, title, image, description, price, old_price, specifications, "type", stock_count, life, mfd, product_status, status, in_stock, featured, digital, sku, "date", updated, category_id, user_id, vendor_id)
VALUES(17, 'abg1afha5d', 'Rib Racks', 'user_1/rib_rack.png', '<ul><li>A rack of ribs refers to a section of ribs, typically from pork (pork ribs) or beef (beef ribs).</li><li>Pork ribs are usually categorized as baby back ribs, spare ribs, or St. Louis-style ribs.</li><li>Beef ribs are categorized as back ribs or short ribs.</li></ul>', 8.50, 9.50, '<ul><li>Meat Type: Pork or beef.</li><li>Cut: Varies (baby back, spare, short, etc.).</li><li>Weight: Varies depending on the animal and cut.</li><li>Fat Content: Varies depending on the cut.</li><li>Bone content: high.</li></ul>', 'Organic', '100', '30 Days', '2025-04-02 15:03:05.000', 'published', true, true, true, false, 'sku0325', '2025-04-02 15:03:35.649', '2025-04-02 15:03:13.000', 2, 1, 6);
INSERT INTO public.core_product
(id, pid, title, image, description, price, old_price, specifications, "type", stock_count, life, mfd, product_status, status, in_stock, featured, digital, sku, "date", updated, category_id, user_id, vendor_id)
VALUES(37, 'b23d4ae5fh', 'Chicken Broth', 'user_1/chicken_broth.png', '<ul><li>Savory liquid made by simmering chicken bones and meat.</li><li>Used as a base for soups, sauces, and stews.</li></ul>', 5.00, 6.88, '<ul><li><strong>Base:</strong> Chicken bones/meat, water.</li><li><strong>Flavor:</strong> Savory, mild chicken flavor.</li><li><strong>Consistency:</strong> Liquid.</li><li><strong>Forms:</strong> Liquid, powder, cubes.</li></ul>', 'Organic', '8767', '60 Days', '2025-04-03 14:03:51.000', 'published', true, true, true, false, 'sku5123', '2025-04-03 14:04:13.763', '2025-04-03 14:04:11.000', 1, 1, 4);
INSERT INTO public.core_product
(id, pid, title, image, description, price, old_price, specifications, "type", stock_count, life, mfd, product_status, status, in_stock, featured, digital, sku, "date", updated, category_id, user_id, vendor_id)
VALUES(18, 'ba2e2ahg3c', 'Fette Sau Dry Rub', 'user_1/Fette_Sau_Dry_Rub.png', '<ul><li>The Fette Sau dry rub is a flavorful blend of spices designed to enhance the taste of smoked meats, particularly ribs and other barbecue.</li><li>It''s known for its unique combination of sweet, savory, and spicy elements, with a noticeable coffee component. &nbsp;&nbsp;</li><li>The rub creates a flavorful "bark" on the meat during the smoking process.</li></ul>', 5.20, 6.20, '<p>Based on available recipes, the Fette Sau dry rub typically includes:</p><ul><li>Dark brown sugar &nbsp;&nbsp;</li><li>Kosher salt &nbsp;&nbsp;</li><li>Ground espresso beans &nbsp;&nbsp;</li><li>Freshly ground black pepper &nbsp;&nbsp;</li><li>Garlic powder &nbsp;&nbsp;</li><li>Ground cinnamon &nbsp;&nbsp;</li><li>Ground cumin &nbsp;&nbsp;</li><li>Cayenne pepper</li></ul>', 'Organic', '10', '365 Days', '2025-04-02 15:07:47.000', 'published', true, true, true, false, 'sku7809', '2025-04-02 15:08:32.958', '2025-04-02 15:08:29.000', 1, 1, 1);
INSERT INTO public.core_product
(id, pid, title, image, description, price, old_price, specifications, "type", stock_count, life, mfd, product_status, status, in_stock, featured, digital, sku, "date", updated, category_id, user_id, vendor_id)
VALUES(21, 'd4fcdfc3e5', 'Garlic', 'user_1/garlic.png', '<ul><li>A bulbous plant in the Allium family, closely related to onions, shallots, and leeks.</li><li>Composed of individual cloves enclosed in a papery skin.</li><li>Known for its strong, distinctive aroma and flavor.</li><li>Used raw, cooked, or pickled.</li></ul>', 0.50, 1.00, '<ul><li><strong>Form:</strong> Whole bulbs, individual cloves, minced, powdered, granulated, roasted, pickled.</li><li><strong>Flavor:</strong> Pungent, spicy, slightly sweet when cooked.</li><li><strong>Aroma:</strong> Strong, characteristic garlicky scent.</li><li><strong>Color:</strong> White to off-white cloves, sometimes with purple streaks.</li><li><strong>Storage:</strong> Whole bulbs should be stored in a cool, dry place; individual cloves should be refrigerated.</li></ul>', 'Organic', '12729', '400 Days', '2025-04-02 15:21:32.000', 'published', true, true, true, false, 'sku2708', '2025-04-02 15:22:22.680', '2025-04-02 15:22:15.000', 1, 1, 4);
INSERT INTO public.core_product
(id, pid, title, image, description, price, old_price, specifications, "type", stock_count, life, mfd, product_status, status, in_stock, featured, digital, sku, "date", updated, category_id, user_id, vendor_id)
VALUES(22, 'd5bg2ccddg', 'Salt', 'user_1/salt.png', '<ul><li>A mineral composed primarily of sodium chloride (NaCl).</li><li>Essential for human life and widely used as a seasoning and preservative.</li><li>Available in various forms, including table salt, sea salt, kosher salt, and Himalayan pink salt.</li></ul>', 1.45, 2.00, '<ul><li><strong>Composition:</strong> Primarily sodium chloride (NaCl).</li><li><strong>Form:</strong> Granular, crystals, flakes.</li><li><strong>Flavor:</strong> Salty.</li><li><strong>Varieties:</strong><ul><li>Table salt: Fine granules, often iodized.</li><li>Sea salt: Coarser crystals, derived from evaporated seawater.</li><li>Kosher salt: Coarse flakes, preferred by some chefs.</li><li>Himalayan pink salt: Pink crystals, containing trace minerals.</li></ul></li><li><strong>Storage:</strong> Store in a cool, dry place.</li></ul>', 'Organic', '99999', '100 Days', '2025-04-02 15:25:36.000', 'published', true, true, true, false, 'sku9536', '2025-04-02 15:25:51.109', '2025-04-02 15:22:15.000', 1, 1, 6);
INSERT INTO public.core_product
(id, pid, title, image, description, price, old_price, specifications, "type", stock_count, life, mfd, product_status, status, in_stock, featured, digital, sku, "date", updated, category_id, user_id, vendor_id)
VALUES(24, '4addf4ee1b', 'Thyme Leaves', 'user_1/thyme_leaves.png', '<ul><li>Small, aromatic leaves from the thyme plant (Thymus vulgaris).</li><li>Known for its earthy, slightly minty, and savory flavor.</li><li>Used fresh or dried in soups, stews, sauces, roasts, and other savory dishes.</li></ul>', 1.36, 3.36, '<ul><li><strong>Form:</strong> Fresh sprigs, dried leaves, ground.</li><li><strong>Flavor:</strong> Earthy, slightly minty, savory, subtle floral notes.</li><li><strong>Aroma:</strong> Warm, herbaceous.</li><li><strong>Color:</strong> Green (fresh), grayish-green (dried).</li><li><strong>Storage:</strong> Fresh thyme should be refrigerated; dried thyme should be stored in a cool, dry place.</li></ul>', 'Organic', '2172', '100 Days', '2025-04-02 15:31:42.000', 'published', true, true, true, false, 'sku3466', '2025-04-02 15:31:51.902', '2025-04-02 15:31:49.000', 4, 1, 3);
INSERT INTO public.core_product
(id, pid, title, image, description, price, old_price, specifications, "type", stock_count, life, mfd, product_status, status, in_stock, featured, digital, sku, "date", updated, category_id, user_id, vendor_id)
VALUES(20, 'fgdh3g4c3g', 'Red Pepper Flake', 'user_1/red-pepper-flakes.png', '<ul><li>Crushed, dried chili peppers.</li><li>Used to add spice and heat to food.</li><li>Commonly found in Italian-American cuisine (e.g., pizza, pasta), as well as many other cuisines.</li></ul>', 9.90, 15.00, '<ul><li><strong>Form:</strong> Dried, crushed flakes.</li><li><strong>Heat Level:</strong> Varies depending on the type of chili peppers used, generally considered medium-hot.</li><li><strong>Flavor:</strong> Spicy, slightly bitter.</li><li><strong>Color:</strong> Red.</li><li><strong>Storage:</strong> Store in a cool, dry place.</li></ul>', 'Organic', '3874', '300 Days', '2025-04-02 15:17:56.000', 'published', true, true, true, false, 'sku3585', '2025-04-02 15:18:12.619', '2025-04-02 15:18:09.000', 1, 1, 3);
INSERT INTO public.core_product
(id, pid, title, image, description, price, old_price, specifications, "type", stock_count, life, mfd, product_status, status, in_stock, featured, digital, sku, "date", updated, category_id, user_id, vendor_id)
VALUES(25, '3fdb3eh54g', 'Ground Pork', 'user_1/ground_pork_oaGuJKT.png', '<ul><li>Ground or minced pork meat.</li><li>Can be made from various cuts of pork, resulting in different fat contents and textures.</li><li>Used in sausages, meatballs, dumplings, stir-fries, sauces, and many other dishes.</li></ul>', 6.90, 6.36, '<ul><li><strong>Fat Content:</strong> Varies (lean, medium, fatty).</li><li><strong>Texture:</strong> Ground, ranging from fine to coarse.</li><li><strong>Color:</strong> Pinkish-red when raw, light brown when cooked.</li><li><strong>Storage:</strong> Raw ground pork must be refrigerated or frozen; cooked ground pork should be refrigerated.</li></ul>', 'Organic', '97869', '15 Days', '2025-04-02 15:35:38.000', 'published', true, true, true, false, 'sku2836', '2025-04-02 15:36:00.361', '2025-04-02 15:35:54.000', 2, 1, 4);
INSERT INTO public.core_product
(id, pid, title, image, description, price, old_price, specifications, "type", stock_count, life, mfd, product_status, status, in_stock, featured, digital, sku, "date", updated, category_id, user_id, vendor_id)
VALUES(26, 'adcg3dffa5', 'Egg', 'user_1/eggs.png', '<ul><li>A chicken egg is the oval-shaped reproductive body laid by a female chicken.</li><li>It consists of a protective shell, the egg white (albumen), and the egg yolk (vitellus).</li><li>A fundamental food source, consumed in diverse ways: boiled, fried, scrambled, baked, and as an ingredient in countless recipes.</li></ul>', 2.04, 2.20, '<ul><li><strong>Shell:</strong> Calcium carbonate, various colors.</li><li><strong>White (Albumen):</strong> Water and protein.</li><li><strong>Yolk:</strong> Fats, proteins, vitamins.</li><li><strong>Size:</strong> Small to jumbo.</li><li><strong>Grading:</strong> AA, A, B (quality).</li><li><strong>Nutrients:</strong> Protein, fats, vitamins.</li></ul>', 'Organic', '96875', '99 Days', '2025-04-02 15:39:41.000', 'published', true, true, true, false, 'sku7762', '2025-04-02 15:39:58.541', '2025-04-02 15:39:56.000', 5, 1, 2);
INSERT INTO public.core_product
(id, pid, title, image, description, price, old_price, specifications, "type", stock_count, life, mfd, product_status, status, in_stock, featured, digital, sku, "date", updated, category_id, user_id, vendor_id)
VALUES(23, 'cddc15c25e', 'Black Pepper', 'user_1/black-pepper.png', '<ul><li>A spice produced from the dried berries of the Piper nigrum plant.</li><li>Known for its pungent, slightly spicy, and warm flavor.</li><li>Used in a vast array of savory dishes worldwide.</li><li>Available as whole peppercorns, coarsely cracked, or finely ground.</li></ul>', 1.60, 2.69, '<ul><li><strong>Form:</strong> Whole peppercorns, cracked, ground.</li><li><strong>Flavor:</strong> Pungent, spicy, warm, slightly earthy.</li><li><strong>Color:</strong> Black (when dried).</li><li><strong>Storage:</strong> Store in a cool, dry place.</li></ul>', 'Organic', '98797', '100 Days', '2025-04-02 15:29:16.000', 'published', true, true, true, false, 'sku9231', '2025-04-02 15:29:30.234', '2025-04-02 15:22:15.000', 1, 1, 5);
INSERT INTO public.core_product
(id, pid, title, image, description, price, old_price, specifications, "type", stock_count, life, mfd, product_status, status, in_stock, featured, digital, sku, "date", updated, category_id, user_id, vendor_id)
VALUES(27, '23efb45121', 'Baguette', 'user_1/baguette.png', '<ul><li>A long, thin loaf of French bread, easily recognized by its distinctive shape.</li><li>Characterized by a crisp, golden-brown crust and a soft, airy interior.</li><li>Traditionally made with only four ingredients: wheat flour, water, salt, and yeast.</li><li>A staple in French cuisine and enjoyed worldwide.</li></ul>', 4.00, 5.00, '<ul><li><strong>Shape:</strong> Long, thin cylinder, typically with tapered ends.</li><li><strong>Crust:</strong> Crisp, golden-brown, often with scoring marks.</li><li><strong>Interior (Crumb):</strong> Soft, airy, and chewy, with large air pockets.</li><li><strong>Length:</strong> Typically around 65 cm (26 inches), but can vary.</li><li><strong>Weight:</strong> Around 250 grams (9 ounces).</li><li><strong>Ingredients:</strong> Wheat flour, water, salt, yeast.</li><li><strong>Texture:</strong> Crisp crust, soft and chewy interior.</li><li><strong>Flavor:</strong> Mild, slightly nutty, with a hint of sweetness.</li></ul>', 'Organic', '8685', '10 Days', '2025-04-02 16:03:44.000', 'published', true, true, true, false, 'sku1054', '2025-04-02 16:03:54.832', '2025-04-02 16:03:52.000', 7, 1, 6);
INSERT INTO public.core_product
(id, pid, title, image, description, price, old_price, specifications, "type", stock_count, life, mfd, product_status, status, in_stock, featured, digital, sku, "date", updated, category_id, user_id, vendor_id)
VALUES(28, '4gbgdfcdhf', 'Mayonnaise', 'user_1/Mayonnaise.png', '<ul><li>A creamy, emulsified sauce.</li><li>Traditionally made from egg yolks, oil, vinegar or lemon juice, and seasonings.</li><li>Used as a condiment, spread, and base for other sauces.</li></ul>', 4.40, 9.20, '<ul><li><strong>Texture:</strong> Creamy, smooth, and thick.</li><li><strong>Color:</strong> Off-white to pale yellow.</li><li><strong>Flavor:</strong> Tangy, slightly sweet, and rich.</li><li><strong>Ingredients:</strong><ul><li>Oil (vegetable, soybean, canola, etc.)</li><li>Egg yolks</li><li>Vinegar or lemon juice</li><li>Salt</li><li>Sometimes mustard, sugar, and other seasonings.</li></ul></li><li><strong>Emulsion:</strong> An oil-in-water emulsion, stabilized by egg yolks.</li><li><strong>Storage:</strong> Refrigerate after opening.</li></ul>', 'Organic', '9865', '200 Days', '2025-04-02 16:07:44.000', 'published', true, true, true, false, 'sku5275', '2025-04-02 16:08:12.010', '2025-04-02 16:08:08.000', 8, 1, 1);
INSERT INTO public.core_product
(id, pid, title, image, description, price, old_price, specifications, "type", stock_count, life, mfd, product_status, status, in_stock, featured, digital, sku, "date", updated, category_id, user_id, vendor_id)
VALUES(19, 'e4adc23e3d', 'Vinegar Sauce', 'user_1/Vinegar_Sauce.png', '<ul><li>A sauce primarily based on vinegar, often combined with other ingredients like sugar, spices, herbs, and sometimes fats.</li><li>Vinegar provides a tangy, acidic flavor that can be used to balance richness, add brightness, or tenderize meats. &nbsp;&nbsp;</li><li>Used as a condiment, marinade, dipping sauce, or cooking ingredient.</li></ul>', 11.00, 12.00, '<ul><li><strong>Base:</strong> Vinegar (various types, such as apple cider, white wine, rice, or distilled white). &nbsp;&nbsp;</li><li><strong>Flavor Profile:</strong> Tangy, acidic, and often balanced with sweetness, spiciness, or savory notes. &nbsp;&nbsp;</li><li><strong>Consistency:</strong> Varies from thin and liquid to thick and syrupy, depending on the ingredients and preparation.</li><li><strong>Shelf Life:</strong> Varies depending on ingredients and storage. High acid sauces, will have longer shelf lives.</li></ul>', 'Organic', '888', '200 Days', '2025-04-02 15:11:28.000', 'published', true, true, true, false, 'sku9670', '2025-04-02 15:11:39.594', '2025-04-02 15:11:37.000', 8, 1, 2);
INSERT INTO public.core_product
(id, pid, title, image, description, price, old_price, specifications, "type", stock_count, life, mfd, product_status, status, in_stock, featured, digital, sku, "date", updated, category_id, user_id, vendor_id)
VALUES(7, '4d1fb42bfh', 'Fish Sauce', 'user_1/fish_sauce.png', '<ul><li>A liquid condiment made from fermented fish, primarily anchovies, salt, and water.</li><li>Known for its strong, savory "umami" flavor.</li><li>Used to add depth and complexity to dishes, rather than consumed on its own.</li><li>Variations exist across Southeast Asia, with distinct regional characteristics.</li></ul>', 3.00, 5.00, '<ul><li><strong>Appearance:</strong> Thin, brownish liquid.</li><li><strong>Flavor:</strong> Intensely salty, savory, and fishy.</li><li><strong>Ingredients:</strong> Typically anchovies, salt, and water.</li><li><strong>Variations:</strong><ul><li>"Nuoc mam" (Vietnam)</li><li>"Nam pla" (Thailand)</li><li>"Patis" (Philippines)</li></ul></li><li><strong>Storage:</strong> Stable at room temperature, but should be kept sealed.</li></ul>', 'Organic', '10000', '600 Days', '2025-04-02 09:32:59.000', 'published', true, true, true, false, 'sku2497', '2025-04-02 09:33:26.636', '2025-04-02 09:33:18.000', 8, 1, 5);
INSERT INTO public.core_product
(id, pid, title, image, description, price, old_price, specifications, "type", stock_count, life, mfd, product_status, status, in_stock, featured, digital, sku, "date", updated, category_id, user_id, vendor_id)
VALUES(29, '3aae2d1heh', 'Sambal', 'user_1/sambal.png', '<ul><li>Fiery chili paste/sauce from Southeast Asia.</li><li>Made with chili peppers and other ingredients.</li><li>Used as a condiment or ingredient.</li></ul>', 6.00, 7.81, '<ul><li><strong>Base:</strong> Chili peppers.</li><li><strong>Flavor:</strong> Hot, savory, sometimes sweet or sour.</li><li><strong>Consistency:</strong> Paste or sauce.</li><li><p><strong>Ingredients (vary):</strong> Chilies, shallots/onions, garlic, shrimp paste, lime juice, sugar, salt.</p><p>&nbsp;</p></li></ul>', 'Organic', '458', '200 Days', '2025-04-02 16:17:45.000', 'published', true, true, true, false, 'sku9693', '2025-04-02 16:18:07.672', '2025-04-02 16:18:03.000', 8, 1, 2);
INSERT INTO public.core_product
(id, pid, title, image, description, price, old_price, specifications, "type", stock_count, life, mfd, product_status, status, in_stock, featured, digital, sku, "date", updated, category_id, user_id, vendor_id)
VALUES(30, '4d12fc5cb5', 'Hot Sauce', 'user_1/hot_sauces.png', '<ul><li>Spicy condiment made from chili peppers.</li><li>Adds heat and flavor to food.</li></ul>', 5.00, 7.50, '<ul><li><strong>Base:</strong> Chili peppers, vinegar.</li><li><strong>Flavor:</strong> Hot, tangy, varied.</li><li><strong>Consistency:</strong> Liquid to thick sauce.</li><li><strong>Ingredients (vary):</strong> Peppers, vinegar, salt, spices, fruits.</li></ul>', 'Organic', '8745', '265 Days', '2025-04-02 16:20:11.000', 'published', true, true, true, false, 'sku8798', '2025-04-02 16:20:36.318', '2025-04-02 16:20:26.000', 8, 1, 6);
INSERT INTO public.core_product
(id, pid, title, image, description, price, old_price, specifications, "type", stock_count, life, mfd, product_status, status, in_stock, featured, digital, sku, "date", updated, category_id, user_id, vendor_id)
VALUES(31, 'd421bde3cd', 'Avocado', 'user_1/avocado.png', '<ul><li>Pear-shaped fruit with creamy flesh.</li><li>Known for its rich, buttery flavor.</li></ul>', 2.50, 3.00, '<ul><li><strong>Texture:</strong> Creamy, smooth.</li><li><strong>Flavor:</strong> Nutty, buttery.</li><li><strong>Color:</strong> Green flesh, dark skin.</li><li><strong>Nutrients:</strong> Healthy fats, vitamins, fiber.</li></ul>', 'Organic', '9990', '50 Days', '2025-04-02 16:24:37.000', 'published', true, true, true, false, 'sku0277', '2025-04-02 16:24:54.359', '2025-04-02 16:24:51.000', 4, 1, 3);
INSERT INTO public.core_product
(id, pid, title, image, description, price, old_price, specifications, "type", stock_count, life, mfd, product_status, status, in_stock, featured, digital, sku, "date", updated, category_id, user_id, vendor_id)
VALUES(32, 'hf5adg5bdd', 'Mint Leave', 'user_1/mint_leave.png', '<ul><li>Aromatic leaves from the mint plant.</li><li>Cool, refreshing flavor.</li></ul>', 1.20, 2.20, '<ul><li><strong>Flavor:</strong> Cool, minty, sweet.</li><li><strong>Appearance:</strong> Green leaves, various shapes.</li><li><strong>Use:</strong> Culinary, beverages, garnish.</li></ul>', 'Organic', '4444', '30 Days', '2025-04-02 16:27:19.000', 'published', true, true, true, false, 'sku4603', '2025-04-02 16:27:41.677', '2025-04-02 16:27:37.000', 4, 1, 1);
INSERT INTO public.core_product
(id, pid, title, image, description, price, old_price, specifications, "type", stock_count, life, mfd, product_status, status, in_stock, featured, digital, sku, "date", updated, category_id, user_id, vendor_id)
VALUES(33, '4gh22bdad3', 'Fresh Pear', 'user_1/rice-noddels.png', '<ul><li>Thin noodles made from rice flour.</li><li>Versatile, used in many Asian dishes.</li></ul>', 1.50, 2.75, '<ul><li><strong>Base:</strong> Rice flour, water.</li><li><strong>Texture:</strong> Chewy, soft.</li><li><strong>Forms:</strong> Flat, thin, wide.</li><li><strong>Color:</strong> White.</li></ul>', 'Organic', '10', '100 Days', '2025-04-03 13:30:06.000', 'published', true, true, true, false, 'sku6877', '2025-04-03 13:30:41.280', '2025-04-03 13:30:17.000', 7, 1, 1);
INSERT INTO public.core_product
(id, pid, title, image, description, price, old_price, specifications, "type", stock_count, life, mfd, product_status, status, in_stock, featured, digital, sku, "date", updated, category_id, user_id, vendor_id)
VALUES(34, 'becea2f453', 'Snow Pea', 'user_1/snow_peas.png', '<ul><li>Edible-pod pea with flat, tender pods.</li><li>Sweet, crisp texture.</li></ul>', 1.90, 3.00, '<ul><li><strong>Shape:</strong> Flat, wide pods.</li><li><strong>Flavor:</strong> Sweet, slightly grassy.</li><li><strong>Texture:</strong> Crisp, tender.</li><li><strong>Color:</strong> Bright green.</li></ul>', 'Organic', '28027', '30 Days', '2025-04-03 13:33:45.000', 'published', true, true, true, false, 'sku1363', '2025-04-03 13:34:09.643', '2025-04-03 13:34:00.000', 3, 1, 6);
INSERT INTO public.core_product
(id, pid, title, image, description, price, old_price, specifications, "type", stock_count, life, mfd, product_status, status, in_stock, featured, digital, sku, "date", updated, category_id, user_id, vendor_id)
VALUES(35, '5hcah235f4', 'Star Anise', 'user_1/star_anise.png', '<ul><li>Star-shaped spice with a licorice-like flavor.</li><li>Dried fruit of the Illicium verum tree.</li></ul>', 4.00, 5.00, '<ul><li><strong>Shape:</strong> 6-8 pointed star.</li><li><strong>Flavor:</strong> Licorice, anise, slightly sweet.</li><li><strong>Aroma:</strong> Strong, pungent.</li><li><strong>Use:</strong> Culinary, medicinal.</li></ul>', 'Organic', '9790', '100 Days', '2025-04-03 13:51:04.000', 'published', true, true, true, false, 'sku1510', '2025-04-03 13:51:31.947', '2025-04-03 13:51:18.000', 4, 1, 2);
INSERT INTO public.core_product
(id, pid, title, image, description, price, old_price, specifications, "type", stock_count, life, mfd, product_status, status, in_stock, featured, digital, sku, "date", updated, category_id, user_id, vendor_id)
VALUES(40, 'fe1a1gcg41', 'Basil', 'user_1/basil.png', '<ul><li>Aromatic herb with a sweet, slightly peppery flavor.</li><li>Used in many cuisines, especially Italian</li></ul>', 1.00, 2.90, '<ul><li><strong>Flavor:</strong> Sweet, peppery, slightly minty.</li><li><strong>Appearance:</strong> Green leaves, various shapes.</li><li><strong>Forms:</strong> Fresh leaves, dried, ground.</li></ul>', 'Organic', '9869', '3 Days', '2025-04-03 14:18:34.000', 'published', true, true, true, false, 'sku8479', '2025-04-03 14:19:09.015', '2025-04-03 14:18:54.000', 4, 1, 5);
INSERT INTO public.core_product
(id, pid, title, image, description, price, old_price, specifications, "type", stock_count, life, mfd, product_status, status, in_stock, featured, digital, sku, "date", updated, category_id, user_id, vendor_id)
VALUES(41, '5fac121h3h', 'Lime', 'user_1/lime.png', '<ul><li>Small, green citrus fruit.</li><li>Tart, acidic juice and aromatic zest.</li></ul>', 2.50, 4.99, '<ul><li><strong>Flavor:</strong> Tart, acidic, citrusy.</li><li><strong>Color:</strong> Green skin, pale green flesh.</li><li><strong>Shape:</strong> Round to oval.</li><li><strong>Use:</strong> Culinary, beverages, cleaning.</li></ul>', 'Organic', '8989', '7 Days', '2025-04-03 14:22:40.000', 'published', true, true, true, false, 'sku8902', '2025-04-03 14:23:14.489', '2025-04-03 14:23:12.000', 1, 1, 1);
INSERT INTO public.core_product
(id, pid, title, image, description, price, old_price, specifications, "type", stock_count, life, mfd, product_status, status, in_stock, featured, digital, sku, "date", updated, category_id, user_id, vendor_id)
VALUES(42, 'gbd55ade2a', 'Daikon Radish', 'user_1/daikon-radish.png', '<ul><li>Long, white root vegetable with a mild, slightly peppery flavor.</li><li>Commonly used in Asian cuisines.</li></ul>', 1.90, 3.00, '<ul><li><strong>Shape:</strong> Long, cylindrical.</li><li><strong>Flavor:</strong> Mild, slightly peppery, sweet.</li><li><strong>Texture:</strong> Crisp, juicy.</li><li><strong>Color:</strong> White skin and flesh.</li></ul>', 'Organic', '98778', '20 Days', '2025-04-03 14:25:42.000', 'published', true, true, true, false, 'sku3826', '2025-04-03 14:26:05.140', '2025-04-03 14:26:00.000', 4, 1, 6);
INSERT INTO public.core_product
(id, pid, title, image, description, price, old_price, specifications, "type", stock_count, life, mfd, product_status, status, in_stock, featured, digital, sku, "date", updated, category_id, user_id, vendor_id)
VALUES(43, 'gch245d2d4', 'Distilled White Vinegar', 'user_1/white_vinegar.png', '<ul><li>Clear, colorless vinegar made from fermented distilled alcohol.</li><li>High acidity, used for cooking, cleaning, and pickling.</li></ul>', 4.00, 4.80, '<ul><li><strong>Base:</strong> Distilled alcohol (corn, etc.).</li><li><strong>Acidity:</strong> Typically 5% (can vary).</li><li><strong>Flavor:</strong> Sharp, acidic.</li><li><strong>Appearance:</strong> Clear, colorless liquid.</li></ul>', 'Organic', '8787', '100 Days', '2025-04-03 14:29:22.000', 'published', true, true, true, false, 'sku9010', '2025-04-03 14:29:53.223', '2025-04-03 14:29:51.000', 1, 1, 2);
INSERT INTO public.core_product
(id, pid, title, image, description, price, old_price, specifications, "type", stock_count, life, mfd, product_status, status, in_stock, featured, digital, sku, "date", updated, category_id, user_id, vendor_id)
VALUES(44, 'hb5cg43a2c', 'Granulated Sugar', 'user_1/granulated_sugar.png', '<ul><li>Fine, white crystals of refined sucrose.</li><li>Used as a sweetener in various foods and beverages.</li></ul>', 1.00, 4.00, '<ul><li><strong>Form:</strong> Fine, granulated crystals.</li><li><strong>Flavor:</strong> Pure, sweet.</li><li><strong>Color:</strong> White.</li><li><strong>Composition:</strong> Sucrose (100%).</li></ul>', 'Organic', '9687', '200 Days', '2025-04-03 14:39:02.000', 'published', true, true, true, false, 'sku4774', '2025-04-03 14:39:15.267', '2025-04-03 14:39:11.000', 1, 1, 4);
INSERT INTO public.core_product
(id, pid, title, image, description, price, old_price, specifications, "type", stock_count, life, mfd, product_status, status, in_stock, featured, digital, sku, "date", updated, category_id, user_id, vendor_id)
VALUES(45, 'fea23ghe23', 'Lemongrass', 'user_1/lemongrass.png', '<ul><li>A tall, stalky plant with a citrusy aroma and flavor.</li><li>Used extensively in Asian cuisines.</li></ul>', 2.00, 3.98, '<ul><li><strong>Flavor:</strong> Citrusy, lemony, slightly sweet.</li><li><strong>Aroma:</strong> Strong, lemony.</li><li><strong>Form:</strong> Fresh stalks, dried, powdered.</li><li><strong>Use:</strong> Culinary (soups, curries, teas).</li></ul>', 'Organic', '9877', '100 Days', '2025-04-03 14:42:49.000', 'published', true, true, true, false, 'sku7334', '2025-04-03 14:43:28.308', '2025-04-03 14:43:24.000', 4, 1, 3);
INSERT INTO public.core_product
(id, pid, title, image, description, price, old_price, specifications, "type", stock_count, life, mfd, product_status, status, in_stock, featured, digital, sku, "date", updated, category_id, user_id, vendor_id)
VALUES(46, '4a1ec1ha4g', 'Sriracha', 'user_1/sriracha.png', '<ul><li>Hot chili sauce, known for its tangy, sweet, and spicy flavor.</li><li>Popular condiment globally.</li></ul>', 5.25, 8.00, '<ul><li><strong>Base:</strong> Chili peppers, vinegar, garlic, sugar, salt.</li><li><strong>Flavor:</strong> Spicy, tangy, sweet.</li><li><strong>Consistency:</strong> Thick sauce.</li><li><strong>Color:</strong> Red.</li></ul>', 'Organic', '9889', '200 Days', '2025-04-03 14:49:13.000', 'published', true, true, true, false, 'sku4009', '2025-04-03 14:49:58.453', '2025-04-03 14:49:50.000', 8, 1, 4);
INSERT INTO public.core_product
(id, pid, title, image, description, price, old_price, specifications, "type", stock_count, life, mfd, product_status, status, in_stock, featured, digital, sku, "date", updated, category_id, user_id, vendor_id)
VALUES(47, 'h3g4gg45h3', 'Rice', 'user_1/rice.png', '<ul><li>Edible starchy cereal grain.</li><li>Staple food for a large portion of the world''s population.</li></ul>', 11.00, 13.50, '<ul><li><strong>Grain Type:</strong> Long-grain, medium-grain, short-grain.</li><li><strong>Flavor:</strong> Mild, slightly nutty.</li><li><strong>Texture:</strong> Varies by type (fluffy, sticky, etc.).</li><li><strong>Color:</strong> White (most common), brown, black, red.</li><li><strong>Forms:</strong> Raw, cooked, flour, noodles.</li></ul>', 'Organic', '68055', '100 Days', '2025-04-03 14:53:39.000', 'published', true, true, true, false, 'sku6241', '2025-04-03 14:53:57.560', '2025-04-03 14:53:55.000', 7, 1, 5);
INSERT INTO public.core_product
(id, pid, title, image, description, price, old_price, specifications, "type", stock_count, life, mfd, product_status, status, in_stock, featured, digital, sku, "date", updated, category_id, user_id, vendor_id)
VALUES(48, 'ae12fba3ga', 'Duck Leg-thigh', 'user_1/duck-leg-thigh.png', '<ul><li>Dark meat portion of a duck, combining the leg and thigh.</li><li>Rich, flavorful meat with a higher fat content than duck breast.</li></ul>', 9.99, 13.99, '<ul><li><strong>Cut:</strong> Leg and thigh portion.</li><li><strong>Meat:</strong> Dark meat, rich in flavor.</li><li><strong>Fat:</strong> Higher fat content, contributes to flavor and tenderness.</li><li><strong>Texture:</strong> Tender, juicy.</li><li><strong>Color:</strong> Dark red when raw, dark brown when cooked.</li></ul>', 'Organic', '7679', '10 Days', '2025-04-03 14:57:36.000', 'published', true, true, true, false, 'sku1959', '2025-04-03 14:58:21.848', '2025-04-03 14:58:19.000', 2, 1, 5);
INSERT INTO public.core_product
(id, pid, title, image, description, price, old_price, specifications, "type", stock_count, life, mfd, product_status, status, in_stock, featured, digital, sku, "date", updated, category_id, user_id, vendor_id)
VALUES(49, '5afff25hhg', 'Rice Vermicelli', 'user_1/BUN_GAO.png', '<ul><li>Thin, delicate noodles made from rice flour and water.</li><li>Common in Southeast Asian cuisine.</li></ul>', 4.00, 9.00, '<ul><li><strong>Base:</strong> Rice flour, water.</li><li><strong>Texture:</strong> Thin, delicate, slightly chewy.</li><li><strong>Form:</strong> Thin strands.</li><li><strong>Color:</strong> White.</li></ul>', 'Organic', '5555', '100 Days', '2025-04-03 15:07:24.000', 'published', true, true, true, false, 'sku0245', '2025-04-03 15:07:50.899', '2025-04-03 15:07:49.000', 7, 1, 6);
INSERT INTO public.core_product
(id, pid, title, image, description, price, old_price, specifications, "type", stock_count, life, mfd, product_status, status, in_stock, featured, digital, sku, "date", updated, category_id, user_id, vendor_id)
VALUES(50, '3bffa55a2c', 'Shallot', 'user_1/shallot.png', '<ul><li>Small, onion-like bulbs with a milder, sweeter flavor.</li><li>Used in various cuisines for their delicate taste.</li></ul>', 2.00, 6.00, '<ul><li><strong>Flavor:</strong> Mild, sweet, slightly garlicky.</li><li><strong>Shape:</strong> Elongated or rounded bulbs.</li><li><strong>Color:</strong> Reddish-brown skin, white or purplish flesh.</li><li><strong>Texture:</strong> Crisp.</li></ul>', 'Organic', '9999', '25 Days', '2025-04-03 15:14:57.000', 'published', true, true, true, false, 'sku0082', '2025-04-03 15:15:20.368', '2025-04-03 15:15:16.000', 4, 1, 6);
INSERT INTO public.core_product
(id, pid, title, image, description, price, old_price, specifications, "type", stock_count, life, mfd, product_status, status, in_stock, featured, digital, sku, "date", updated, category_id, user_id, vendor_id)
VALUES(51, '3hhgd54deh', 'Plum Tomato', 'user_1/TomatoPlum.png', '<ul><li>Oval-shaped tomato with a meaty texture and fewer seeds.</li><li>Ideal for sauces and canning.</li></ul>', 2.95, 3.95, '<ul><li><strong>Shape:</strong> Oval, elongated.</li><li><strong>Texture:</strong> Meaty, firm.</li><li><strong>Flavor:</strong> Sweet, slightly acidic.</li><li><strong>Seeds:</strong> Fewer seeds than round tomatoes.</li><li><strong>Use:</strong> Sauces, canning, paste.</li></ul>', 'Organic', '6095', '30 Days', '2025-04-03 15:25:16.000', 'published', true, true, true, false, 'sku5961', '2025-04-03 15:25:39.755', '2025-04-03 15:25:35.000', 4, 1, 1);
INSERT INTO public.core_product
(id, pid, title, image, description, price, old_price, specifications, "type", stock_count, life, mfd, product_status, status, in_stock, featured, digital, sku, "date", updated, category_id, user_id, vendor_id)
VALUES(52, 'df4beebh5d', 'Bamboo Shoot', 'user_1/bamboo_shoot.png', '<ul><li>Edible shoots of bamboo plants, harvested when young.</li><li>Used in various Asian cuisines for their crunchy texture and mild flavor.</li></ul>', 3.60, 6.90, '<ul><li><strong>Texture:</strong> Crunchy, crisp.</li><li><strong>Flavor:</strong> Mild, slightly sweet, earthy.</li><li><strong>Forms:</strong> Fresh, canned, pickled.</li><li><strong>Color:</strong> Creamy white to pale yellow.</li></ul>', 'Organic', '8775', '90 Days', '2025-04-03 15:38:08.000', 'published', true, true, true, false, 'sku9136', '2025-04-03 15:38:32.419', '2025-04-03 15:38:29.000', 4, 1, 2);
INSERT INTO public.core_product
(id, pid, title, image, description, price, old_price, specifications, "type", stock_count, life, mfd, product_status, status, in_stock, featured, digital, sku, "date", updated, category_id, user_id, vendor_id)
VALUES(53, 'ed45d11g12', 'Napa Cabbage', 'user_1/Napa-Cabbage.png', '<ul><li>An oblong-shaped head of light green, crinkly leaves with white veins.</li><li>Mild, slightly sweet flavor.</li><li>Commonly used in salads, stir-fries, and kimchi.</li></ul>', 1.30, 3.10, '<ul><li><strong>Shape:</strong> Oblong, cylindrical head.</li><li><strong>Leaves:</strong> Light green, crinkled, with white veins.</li><li><strong>Flavor:</strong> Mild, sweet.</li><li><strong>Texture:</strong> Crisp.</li><li><strong>Use:</strong> Raw or cooked.</li></ul>', 'Organic', '8386', '10 Days', '2025-04-03 15:43:22.000', 'published', true, true, true, false, 'sku9733', '2025-04-03 15:43:31.754', '2025-04-03 15:43:29.000', 4, 1, 3);
INSERT INTO public.core_product
(id, pid, title, image, description, price, old_price, specifications, "type", stock_count, life, mfd, product_status, status, in_stock, featured, digital, sku, "date", updated, category_id, user_id, vendor_id)
VALUES(54, 'cbh53c4bfd', 'Chives', 'user_1/chives.png', '<ul><li>An oblong-shaped head of light green, crinkly leaves with white veins.</li><li>Mild, slightly sweet flavor.</li><li>Commonly used in salads, stir-fries, and kimchi.</li></ul>', 0.69, 2.40, '<ul><li><strong>Shape:</strong> Oblong, cylindrical head.</li><li><strong>Leaves:</strong> Light green, crinkled, with white veins.</li><li><strong>Flavor:</strong> Mild, sweet.</li><li><strong>Texture:</strong> Crisp.</li><li><strong>Use:</strong> Raw or cooked.</li></ul>', 'Organic', '8386', '3 Days', '2025-04-03 15:54:26.000', 'published', true, true, true, false, 'sku0813', '2025-04-03 15:54:37.140', '2025-04-03 15:54:34.000', 4, 1, 4);
INSERT INTO public.core_product
(id, pid, title, image, description, price, old_price, specifications, "type", stock_count, life, mfd, product_status, status, in_stock, featured, digital, sku, "date", updated, category_id, user_id, vendor_id)
VALUES(55, 'c25f3h42dh', 'Unseasoned Rice Vinegar', 'user_1/unseasoned.png', '<ul><li>Unseasoned rice vinegar is a mild vinegar made from fermented rice. &nbsp;&nbsp;</li><li>It has a delicate, slightly sweet flavor compared to other vinegars.</li><li>It does not contain added sugar or salt.</li></ul>', 4.00, 6.00, '<ul><li><strong>Base:</strong> Fermented rice. &nbsp;&nbsp;</li><li><strong>Flavor:</strong> Mildly acidic, slightly sweet.</li><li><strong>Acidity:</strong> Typically around 4-5%.</li><li><strong>Color:</strong> Clear to pale yellow.</li><li><strong>Ingredients:</strong> Rice vinegar (diluted with water in some cases).</li></ul>', 'Organic', '9791', '100 Days', '2025-04-05 00:02:42.000', 'published', true, true, true, false, 'sku4160', '2025-04-05 00:02:58.577', '2025-04-05 00:02:56.000', 1, 1, 2);
INSERT INTO public.core_product
(id, pid, title, image, description, price, old_price, specifications, "type", stock_count, life, mfd, product_status, status, in_stock, featured, digital, sku, "date", updated, category_id, user_id, vendor_id)
VALUES(56, '5e54f3cbf1', 'Ground Black Pepper', 'user_1/ground_black_pepper.png', '<ul><li>Spice made from ground, dried black peppercorns.</li><li>Pungent, warm, slightly spicy flavor.</li></ul>', 3.00, 3.70, '<ul><li><strong>Form:</strong> Fine to coarse powder.</li><li><strong>Flavor:</strong> Pungent, warm, slightly earthy.</li><li><strong>Color:</strong> Black.</li></ul>', 'Organic', '7787', '100 Days', '2025-04-05 00:06:59.000', 'published', true, true, true, false, 'sku9976', '2025-04-05 00:07:26.222', '2025-04-05 00:07:23.000', 1, 1, 3);
INSERT INTO public.core_product
(id, pid, title, image, description, price, old_price, specifications, "type", stock_count, life, mfd, product_status, status, in_stock, featured, digital, sku, "date", updated, category_id, user_id, vendor_id)
VALUES(57, 'daahegc125', 'Pork Chops', 'user_1/pork_chops.png', '<ul><li>Individual cuts of pork, typically taken from the loin.</li><li>Can be bone-in or boneless.</li><li>Versatile and widely cooked.</li></ul>', 6.66, 9.98, '<ul><li><strong>Cut:</strong> Loin (most common).</li><li><strong>Bone:</strong> Bone-in or boneless.</li><li><strong>Thickness:</strong> Varies.</li><li><strong>Fat Content:</strong> Varies by cut.</li><li><strong>Flavor:</strong> Mild, takes on seasonings well.</li></ul>', 'Organic', '576', '1 Days', '2025-04-05 00:10:11.000', 'published', true, true, true, false, 'sku7239', '2025-04-05 00:10:23.771', '2025-04-05 00:10:21.000', 2, 1, 4);
INSERT INTO public.core_product
(id, pid, title, image, description, price, old_price, specifications, "type", stock_count, life, mfd, product_status, status, in_stock, featured, digital, sku, "date", updated, category_id, user_id, vendor_id)
VALUES(58, 'c5edcf2532', 'Kosher Salt', 'user_1/Kosher_salt.png', '<ul><li>Coarse-grained salt, typically without iodine or other additives.</li><li>Used in the Jewish practice of kashering meat (drawing out blood).</li><li>Popular among chefs for its ease of handling and pure flavor.</li></ul>', 4.80, 8.00, '<ul><li><strong>Form:</strong> Coarse crystals or flakes.</li><li><strong>Flavor:</strong> Purely salty, often perceived as cleaner than iodized table salt.</li><li><strong>Additives:</strong> Usually none (some may have anti-caking agents).</li><li><strong>Crystal Shape:</strong> Flaky (Morton) or pyramidal (Diamond Crystal).</li></ul>', 'Organic', '776', '60 Days', '2025-04-05 00:12:52.000', 'published', true, true, true, false, 'sku1356', '2025-04-05 00:13:07.686', '2025-04-05 00:13:04.000', 1, 1, 5);
INSERT INTO public.core_product
(id, pid, title, image, description, price, old_price, specifications, "type", stock_count, life, mfd, product_status, status, in_stock, featured, digital, sku, "date", updated, category_id, user_id, vendor_id)
VALUES(59, 'adb5fbbefd', 'Seasoned Rice Vinegar', 'user_1/seasoned_rice_vinegar.png', '<ul><li>Rice vinegar with added sugar and salt.</li><li>Sweeter and less acidic than unseasoned rice vinegar.</li><li>Commonly used for sushi rice and salad dressings</li></ul>', 2.60, 5.10, '<ul><li><strong>Base:</strong> Rice vinegar.</li><li><strong>Flavor:</strong> Mildly acidic, distinctly sweet and salty.</li><li><strong>Acidity:</strong> Typically around 4-4.5%.</li><li><strong>Ingredients:</strong> Rice vinegar, sugar, salt (may contain other flavorings). &nbsp;&nbsp;</li><li><strong>Color:</strong> Clear to pale yellow.</li></ul>', 'Organic', '5975', '100 Days', '2025-04-05 00:18:13.000', 'published', true, true, true, false, 'sku6554', '2025-04-05 00:18:27.459', '2025-04-05 00:18:24.000', 1, 1, 6);
INSERT INTO public.core_product
(id, pid, title, image, description, price, old_price, specifications, "type", stock_count, life, mfd, product_status, status, in_stock, featured, digital, sku, "date", updated, category_id, user_id, vendor_id)
VALUES(60, 'g2egdh2g3b', 'Asian Fish', 'user_1/Asian_fish.png', '<p>Fresh fish, sourced from local waters or aquaculture farms, is a staple in Vietnamese cuisine. Often displayed whole or cut into portions at markets and supermarkets, these fish offer a delicate and flavorful protein. Their taste and texture vary depending on the species, but they are generally prized for their freshness and versatility in a wide range of traditional dishes.</p>', 7.80, 10.00, '<ul><li><strong>Habitat:</strong> Freshwater or saltwater.</li><li><strong>Flavor:</strong> Ranges from mild to strong, can be oily or lean.</li><li><strong>Texture:</strong> Flaky, firm, delicate.</li><li><strong>Appearance:</strong> Varies greatly in shape, size, and color.</li><li><strong>Preparation:</strong> Suitable for steaming, frying, grilling, soups, stews, etc.</li></ul>', 'Organic', '9889', '3 Days', '2025-04-05 00:23:26.000', 'published', true, true, true, false, 'sku7236', '2025-04-05 00:23:50.660', '2025-04-05 00:23:47.000', 2, 1, 1);
INSERT INTO public.core_product
(id, pid, title, image, description, price, old_price, specifications, "type", stock_count, life, mfd, product_status, status, in_stock, featured, digital, sku, "date", updated, category_id, user_id, vendor_id)
VALUES(61, 'chce1g3ege', 'Liverwurst', 'user_1/liverwurst.png', '<ul><li>Smooth, spreadable sausage made mainly from liver (usually pork or beef).</li><li>Rich, savory flavor with spices.</li></ul>', 3.60, 6.90, '<ul><li><strong>Main Ingredient:</strong> Liver.</li><li><strong>Texture:</strong> Smooth, spreadable.</li><li><strong>Flavor:</strong> Rich, savory, spiced.</li></ul>', 'Organic', '1928', '30 Days', '2025-04-05 00:27:06.000', 'published', true, true, true, false, 'sku5786', '2025-04-05 00:28:05.243', '2025-04-05 00:27:54.000', 2, 1, 2);
INSERT INTO public.core_product
(id, pid, title, image, description, price, old_price, specifications, "type", stock_count, life, mfd, product_status, status, in_stock, featured, digital, sku, "date", updated, category_id, user_id, vendor_id)
VALUES(62, '2c4c2deda5', 'Lettuce', 'user_1/lettuce.png', '<p>Lettuce is a leafy vegetable, typically eaten raw in salads and sandwiches. It comes in various types with different leaf shapes, colors (green to red), and textures (crisp to soft).</p>', 0.60, 0.99, '<ul><li><strong>Types:</strong> Common types include Romaine, Iceberg, Butterhead, and loose-leaf varieties (Red Leaf, Green Leaf).</li><li><strong>Flavor:</strong> Mild, slightly sweet to sometimes slightly bitter, depending on the type.</li><li><strong>Texture:</strong> Ranges from crisp (Iceberg, Romaine) to tender (Butterhead, some loose-leaf).</li><li><strong>Color:</strong> Primarily shades of green and red.</li><li><strong>Storage:</strong> Refrigerate to maintain freshness.</li></ul>', 'Organic', '4374', '2 Days', '2025-04-05 00:30:44.000', 'published', true, true, true, false, 'sku2310', '2025-04-05 00:31:00.695', '2025-04-05 00:30:57.000', 4, 1, 3);




